14,Thomas,Alexander,Thomas.Alexander@potlatchcorp.com,0
15,James,Allen,James_Allen@microsoft.com,0
16,John,Allen,JAllen@starbucks.com,0
17,Maria,Allen,Maria.Allen@yahoo.com,4
18,Dennis,Allison,DennisAllison@wellsfargo.com,0
19,Carol,Alonzo,AlonzoC@williams-sonomainc.com,0
20,Elisha,Arano,AranoE@intel.com,0
21,Brett,Aronson,BAronson@lithia.com,4
22,Kip,Arrocha,Kip_Arrocha@wellsfargo.com,0
23,Joan,Ash,Joan.Ash@google.com,0
24,Sherill,Aumen,Sherill.Aumen@mcclatchy.com,0
25,Franklin,Aycox,FranklinAycox@cisco.com,0
26,Jeremy,Babineaux,Jeremy_Babineaux@nikebiz.com,0
27,Sandra,Baird,Sandra.Baird@nordstrom.com,0
28,Kimberly,Baker,Kimberly.Baker@intel.com,0
29,Richard,Baker,Richard.Baker@mckesson.com,4
30,Carl,Barker,CarlBarker@portlandgeneral.com,0
31,Kevin,Belcher,Kevin_Belcher@symantec.com,0
32,Miguel,Benavidez,BenavidezM@varian.com,0
33,Elizabeth,Bennett,BennettE@levistrauss.com,0
34,Russell,Bobb,RBobb@juniper.net,2
35,Debbie,Bojorquez,Debbie_Bojorquez@weyerhaeuser.com,0
36,Travis,Bomkamp,BomkampT@national.com,0
37,Tony,Brindley,BrindleyT@xilinx.com,4
38,Roberta,Briones,BrionesR@precast.com,0
39,Barbara,Brown,BBrown@pugetenergy.com,4
40,Jerry,Brunson,Jerry.Brunson@micron.com,0
41,Eric,Buckley,BuckleyE@chevron.com,0
42,Joan,Burnett,BurnettJ@potlatchcorp.com,0
43,Marsha,Cade,MCade@ea.com,0
44,Lindy,Cantua,Lindy.Cantua@synnex.com,0
45,Linda,Carlson,CarlsonL@igt.com,0
46,Duane,Cascio,DCascio@delmonte.com,0
47,Vada,Catalli,Vada_Catalli@zionsbancorporation.com,0
48,Rebbecca,Cestone,CestoneR@sierrapacificresources.com,0
49,Tommy,Chalker,TommyChalker@safeway.com,0
50,Toni,Chavez,ChavezT@schnitzersteel.com,0
51,Arthur,Church,Arthur_Church@google.com,0
52,Edward,Coffey,EdwardCoffey@micron.com,2
53,Richard,Collins,CollinsR@rossstores.com,0
54,Robert,Cook,Robert_Cook@wellsfargo.com,0
55,Joshua,Costa,Joshua.Costa@ebay.com,0
56,Teresa,Cothern,Teresa_Cothern@delmonte.com,2
57,Arthur,Crouch,ArthurCrouch@sandisk.com,0
58,Kenneth,Culley,Kenneth.Culley@coremark.com,0
59,Antione,Cummings,AntioneCummings@rhi.com,0
60,Camie,Dagres,CDagres@urscorp.com,0
61,Joseph,Davidson,JosephDavidson@delmonte.com,0
62,Daren,Demetris,DDemetris@ebay.com,1
63,Randy,Deritis,Randy_Deritis@kla-tencor.com,0
64,Patricia,Diaz,DiazP@weyerhaeuser.com,1
65,Eddie,Doiron,Eddie.Doiron@wellsfargo.com,0
66,Henry,Douyette,Henry.Douyette@gilead.com,0
67,Malorie,Dowker,DowkerM@national.com,4
68,Raul,Ebert,RaulEbert@mckesson.com,0
69,Gabriel,Endres,EndresG@varian.com,0
70,Azalee,Famageltto,FamagelttoA@mcclatchy.com,0
71,Bonita,Ficke,Bonita.Ficke@safeway.com,0
72,Anita,Field,Anita.Field@rossstores.com,0
73,Larry,Figueroa,Larry.Figueroa@pgecorp.com,0
74,Peter,Fisher,Peter_Fisher@safeway.com,0
75,Edward,Floyd,Edward.Floyd@safeway.com,0
76,Christopher,Fox,ChristopherFox@levistrauss.com,0
77,Wilbur,Fralick,Wilbur_Fralick@delmonte.com,0
78,Sonja,Gabel,Sonja_Gabel@schnitzersteel.com,0
79,Palmer,Gally,Palmer_Gally@cisco.com,4
80,Mario,Gauthier,MarioGauthier@pgecorp.com,0
81,Emmett,Godyn,Emmett.Godyn@safeway.com,4
82,Michael,Gonzales,Michael.Gonzales@nikebiz.com,0
83,Allen,Grable,Allen.Grable@safeco.com,0
84,Charles,Grace,GraceC@kla-tencor.com,0
85,Robert,Gregory,GregoryR@ea.com,0
86,Jose,Griffin,JoseGriffin@longs.com,0
87,Sherrie,Grosso,GrossoS@yahoo.com,0
88,Warren,Gunn,Warren.Gunn@coremark.com,0
89,Roger,Harden,Roger.Harden@kla-tencor.com,2
90,Marsha,Harrigan,HarriganM@ebay.com,0
91,John,Harris,JHarris@ebay.com,0
92,John,Harris,John.Harris@gapinc.com,0
93,Dan,Hasler,Dan_Hasler@lithia.com,0
94,Gary,Hathaway,Gary.Hathaway@wellsfargo.com,0
95,Richard,Helton,Richard.Helton@huntsman.com,0
96,Robert,Henderson,RHenderson@kla-tencor.com,0
97,Charles,Hensley,CHensley@safeco.com,0
98,James,Hernandez,JamesHernandez@sierrapacificresources.com,0
99,James,Hernandez,JamesHernandez@gilead.com,0
100,Van,Herrmann,Van_Herrmann@levistrauss.com,0
101,Mei,Hilgeman,HilgemanM@microsoft.com,0
102,Roger,Ho,RogerHo@rhi.com,0
103,Burt,Hokkanen,BurtHokkanen@sandisk.com,0
104,Kathy,Holden,KathyHolden@zionsbancorporation.com,0
105,Linda,Holland,Linda.Holland@nikebiz.com,4
106,Victoria,Holley,HolleyV@microsoft.com,0
107,Florence,Holliday,FHolliday@zionsbancorporation.com,0
108,Marie,Hopkins,MarieHopkins@cisco.com,0
109,Otis,Horaney,OtisHoraney@sanmina-sci.com,0
110,Laura,Horton,LHorton@lithia.com,0
111,Barbara,Howell,HowellB@sierrapacificresources.com,0
112,Sabrina,Hundley,SHundley@juniper.net,2
113,Shawn,Hylton,ShawnHylton@weyerhaeuser.com,0
114,Jennifer,Jackson,Jennifer_Jackson@sanmina-sci.com,0
115,Linda,Jackson,LindaJackson@ebay.com,0
116,Timothy,Jackson,TJackson@igt.com,0
117,Barbara,Johnson,JohnsonB@sanmina-sci.com,0
118,Barbara,Johnson,BJohnson@sierrapacificresources.com,0
119,John,Johnson,JohnsonJ@ea.com,0
120,David,Jordan,David_Jordan@sun.com,0
121,Kandis,Kapps,KappsK@weyerhaeuser.com,0
122,Martin,Keane,Martin_Keane@starbucks.com,0
123,Nathaniel,Keeler,Nathaniel.Keeler@sun.com,0
124,Elsie,Killian,Elsie_Killian@gapinc.com,0
125,David,King,David.King@plumcreek.com,0
126,Kathy,Kinney,Kathy.Kinney@pacer-international.com,0
127,Heath,Krumins,HKrumins@mckesson.com,0
128,Jose,Lake,JLake@cisco.com,0
129,Brian,Lane,Brian_Lane@intel.com,0
130,Mark,Larson,Mark_Larson@symantec.com,4
131,Christine,Lawrence,Christine_Lawrence@google.com,0
132,Carolyn,Lee,LeeC@ebay.com,0
133,Robert,Lewis,RobertLewis@google.com,4
134,William,Lewis,WilliamLewis@xilinx.com,0
135,Charles,Lin,Charles.Lin@micron.com,0
136,Herbert,Ling,LingH@sandisk.com,0
137,Donald,Long,DonaldLong@safeco.com,0
138,Michelle,Long,LongM@varian.com,0
139,Dwain,Lorah,DLorah@google.com,0
140,Robin,Lund,RobinLund@pgecorp.com,0
141,Glenn,Luther,LutherG@spansion.com,2
142,Glenn,Mainland,Glenn_Mainland@nvidia.com,0
143,Jose,Marcum,MarcumJ@national.com,0
144,Robert,Martin,MartinR@yahoo.com,0
145,John,Martinez,JMartinez@mckesson.com,0
146,Tiffany,McQueen,TMcQueen@juniper.net,0
147,Rod,Meggett,RodMeggett@wellsfargo.com,0
148,Marjorie,Mejia,MarjorieMejia@lithia.com,0
149,Angela,Mendoza,AngelaMendoza@rossstores.com,0
150,Adriana,Merriweather,MerriweatherA@xilinx.com,0
151,Ruth,Miles,Ruth.Miles@delmonte.com,4
152,James,Miller,JamesMiller@symantec.com,1
153,James,Miller,JMiller@xilinx.com,0
154,John,Miller,John.Miller@gapinc.com,0
155,John,Miller,MillerJ@lsi.com,0
156,John,Miller,John.Miller@xilinx.com,0
157,Benjamin,Millsap,BenjaminMillsap@wellsfargo.com,0
158,James,Moldenhauer,James.Moldenhauer@questar.com,0
159,Janet,Morrison,MorrisonJ@plumcreek.com,0
160,Margaret,Morrow,MMorrow@wellsfargo.com,0
161,Dorothy,Murphy,DorothyMurphy@juniper.net,0
162,Sharon,Murphy,Sharon.Murphy@lithia.com,0
163,Brad,Netherton,NethertonB@yahoo.com,0
164,Jacob,Noia,NoiaJ@ebay.com,0
165,Aldo,Novitske,NovitskeA@plumcreek.com,0
166,Paul,Nunez,Paul_Nunez@rossstores.com,0
167,Bethel,Olson,Bethel_Olson@delmonte.com,0
168,Charles,Olson,Charles_Olson@williams-sonomainc.com,0
169,Frances,Olson,Frances.Olson@hp.com,0
170,Emma,Oviedo,EmmaOviedo@micron.com,0
171,Sharon,Painter,SharonPainter@pgecorp.com,0
172,Jospeh,Palombo,Jospeh.Palombo@paccar.com,0
173,Karen,Parker,Karen_Parker@chevron.com,0
174,Carroll,Parmely,CarrollParmely@synnex.com,0
175,Eugenio,Pelis,EugenioPelis@delmonte.com,0
176,George,Pineda,GeorgePineda@pugetenergy.com,0
177,Mario,Plumb,PlumbM@starbucks.com,0
178,Jean,Ponce,JeanPonce@lithia.com,0
179,James,Powell,JPowell@urscorp.com,0
180,Margaret,Powell,PowellM@gapinc.com,0
181,Jules,Powers,Jules.Powers@ebay.com,0
182,David,Price,David.Price@intuit.com,0
183,Iona,Rhoda,IRhoda@levistrauss.com,0
184,Diane,Rice,DRice@rossstores.com,0
185,Judy,Richmond,JRichmond@pgecorp.com,0
186,Steven,Ritter,Steven_Ritter@microsoft.com,4
187,Martha,Roach,MarthaRoach@pgecorp.com,0
188,Sara,Roach,SaraRoach@hp.com,0
189,John,Rodriguez,John_Rodriguez@expediainc.com,0
190,John,Rodriguez,JohnRodriguez@longs.com,0
191,Juliana,Rohe,Juliana.Rohe@rossstores.com,0
192,Carole,Rohrer,CaroleRohrer@igt.com,2
193,Duane,Rothe,DuaneRothe@sun.com,0
194,Sonya,Ruby,RubyS@intel.com,0
195,Yee,Rutenberg,Yee.Rutenberg@urscorp.com,0
196,Kenneth,Sainz,KSainz@safeco.com,0
197,Elmer,Salter,Elmer.Salter@yahoo.com,0
198,Brandy,Segarra,BrandySegarra@levistrauss.com,0
199,Claudia,Semidey,ClaudiaSemidey@gapinc.com,0
200,Howard,Shultz,ShultzH@cisco.com,0
201,Marguerite,Shuman,Marguerite.Shuman@national.com,0
202,Roberto,Shuskey,ShuskeyR@costco.com,0
203,Diane,Silva,DSilva@expeditors.com,0
204,Jerrell,Simonetta,JerrellSimonetta@delmonte.com,0
205,Thomas,Simpson,TSimpson@schnitzersteel.com,0
206,Michael,Smith,MSmith@con-way.com,0
207,Ron,Smothers,RonSmothers@safeco.com,0
208,Melvin,Sonterre,Melvin_Sonterre@pugetenergy.com,0
209,Michael,Sosa,MichaelSosa@longs.com,0
210,Richard,Speights,RSpeights@utstar.com,0
211,Ryan,Starcher,RyanStarcher@delmonte.com,4
212,Andre,Stickney,AndreStickney@con-way.com,0
213,Christopher,Stone,CStone@pacer-international.com,0
214,Abigail,Stoneman,Abigail.Stoneman@pgecorp.com,0
215,Donald,Suarez,DSuarez@sierrapacificresources.com,0
216,James,Sullivan,James.Sullivan@chevron.com,2
217,Rita,Swanson,Rita_Swanson@cisco.com,0
218,Richard,Sweet,RSweet@pugetenergy.com,0
219,Milton,Talamantez,Milton_Talamantez@netapp.com,0
220,Michael,Tarr,Michael_Tarr@chubb.com,0
221,David,Taylor,DTaylor@schnitzersteel.com,0
222,Gary,Thill,GThill@nikebiz.com,0
223,John,Thompson,JohnThompson@safeco.com,0
224,Daniel,Torres,TorresD@utstar.com,0
225,Sudie,Tredinnick,SudieTredinnick@sanmina-sci.com,0
226,Ronald,Trent,RonaldTrent@con-way.com,0
227,Mark,Tu,TuM@sanmina-sci.com,1
228,Janiece,Unthank,Janiece.Unthank@google.com,0
229,Elvin,Vacio,ElvinVacio@franklintempleton.com,0
230,Emilee,Valiente,Emilee_Valiente@thecloroxcompany.com,0
231,Steve,Vanmeter,SteveVanmeter@ebay.com,0
232,Joe,Varner,Joe.Varner@sierrapacificresources.com,0
233,Kenneth,Vasquez,KennethVasquez@portlandgeneral.com,2
234,Mandy,Vince,Mandy_Vince@microsoft.com,0
235,Henry,Vuolo,HenryVuolo@nordstrom.com,0
236,Leone,Waldmann,LWaldmann@juniper.net,0
237,Catherine,Ward,CWard@coremark.com,0
238,Vanda,Warnell,Vanda_Warnell@levistrauss.com,0
239,Catherine,Weathersby,CWeathersby@nvidia.com,0
240,Harland,Wedlock,HWedlock@intuit.com,0
241,James,White,JamesWhite@expediainc.com,0
242,Tyesha,Whittler,TWhittler@chubb.com,0
243,Paula,Williams,Paula_Williams@portlandgeneral.com,0
244,Robert,Williams,Robert_Williams@symantec.com,0
245,Linda,Wilson,Linda_Wilson@thecloroxcompany.com,0
246,Jerald,Wisz,JeraldWisz@hp.com,0
247,Tommy,Wooden,TWooden@micron.com,0
248,Donna,Young,Donna_Young@micron.com,0
249,Sebastian,Zizza,SebastianZizza@microsoft.com,0
